"Company Name","Website","Email","Contact Person","Industry","Location","LinkedIn","Description"
"Development Company","https://www.areinfotech.com/","hr@areinfotech.com","Not Found","Web Development","Ahmedabad","https://in.linkedin.com/in/treeroot-informatics-software-development-company-777a99257","ARE InfoTech is a website design & development company in Ahmedabad, offers custom, redesigns, eCommerce, static, and dynamic websites with quality service"
"Web","https://www.dngwebdeveloper.com/","info@dngwebdeveloper.com","Not Found","Web Development","Ahmedabad","https://in.linkedin.com/in/web-designer-ahmedabad-81062546","DNG WEB DEVELOPER is Ahmedabad based #1 best Web development company offers website Designing and web Development in India. We are prominent web Development company in Ahmedabad, Gujarat, India engaging in website designing since 2009 having 10+ Years experience in web desinging, web development, Digital Marketing and Software Development. Contact Ahmedabad's best website developer for Portal and App development."
"Web Solution","https://kiwebsolution.com/website-development-company-in-ahmedabad.html","kiwebsolution@gmail.com","Not Found","Web Development","Ahmedabad","https://in.linkedin.com/in/kps-web-solution","Looking for website development services in Ahmedabad? KiWeb Solution is one of the best web development company in Ahmedabad that are specialise in WordPress, Shopify, Laravel, Php, etc technology. Get a quote now!"
"Matic Solutions","https://maticsolutions.co.in/website-designing-and-development/","info@maticsolutions.co.in","Not Found","Web Development","Ahmedabad","https://in.linkedin.com/in/rushabh-shah-a45004233","Matic Solutions is a leading Web Development Company in Ahmedabad. Get Responsive & SEO-Friendly Web Development Services at affordable rates. Call 98798 72727"
"Web Designing Company","https://www.witsolution.in/","info@witsolution.in","Not Found","Web Development","Ahmedabad","https://www.linkedin.com/in/aom-web-designer","WIT Solution is one of the best website design and development company in Ahmedabad, Gujarat. We build sites designed to convert traffic into leads and sales. Call us on 079 8485 6601."
"Game Developers","https://www.witsolution.in/game-design-development-company.html","info@witsolution.in","Not Found","Web Development","Ahmedabad","https://in.linkedin.com/in/nicetryharshit","Looking for a best mobile game developers? WIT Solution is one of the top game design and development companies in Ahmedabad, India."
"Wit Solution","https://www.witsolution.in/contact-us.html","info@witsolution.in","Not Found","Web Development","Ahmedabad","https://in.linkedin.com/in/kiran-raj-witty","Contact US | Wit Solution"
"Solution","https://www.witsolution.in/about.html","info@witsolution.in","Not Found","Web Development","Ahmedabad","https://in.linkedin.com/in/envision-business-solution-8a020b1b8","WIT Solution is one of the best IT company in Ahmedabad since 2009, a one-stop solution provider of all kinds of digital transformation."
"Gujarat","https://www.witsolution.in/wordpress-website-development.html","info@witsolution.in","Not Found","Web Development","Ahmedabad","https://in.linkedin.com/in/smart-technology-gujarat-b5b5a7155","WIT Solution is renowned Wordpress Website Development Company in Ahmedabad that offering wordpress theme integration, plugin customization and Wordpress Web Development Services at most competitive rate in India."
"Company","https://www.morewebsolutions.com/","morewebsolution@gmail.com","Not Found","Web Development","Ahmedabad","https://in.linkedin.com/in/sacas-a-saapl-group-company-469922262","Moreweb Solutions is a leading Website Design and Development company, offering graphic design, SEO, SMO Services. And Known as the best Digital Marketing Company in Ahmedabad."
